{"cameraMode":{"drawMode":0,"name":"Shaded","section":"Shading Mode"},"sceneLighting":true,"audioPlay":false,"sceneViewState":{"showFog":true,"showMaterialUpdate":false,"showSkybox":true,"showFlares":true,"showImageEffects":true,"showParticleSystems":true,"showVisualEffectGraphs":true,"m_FxEnabled":true},"in2DMode":false,"pivot":{"x":-1.9666996002197266,"y":2.2332005500793459,"z":-2.7587366104125978},"rotation":{"x":-0.07811141014099121,"y":0.5427992343902588,"z":-0.050792936235666278,"w":-0.8346685171127319},"size":7.497318744659424,"orthographic":false}