{"cameraMode":{"drawMode":0,"name":"Shaded","section":"Shading Mode"},"sceneLighting":true,"audioPlay":false,"sceneViewState":{"showFog":true,"showMaterialUpdate":false,"showSkybox":true,"showFlares":true,"showImageEffects":true,"showParticleSystems":true,"showVisualEffectGraphs":true,"m_FxEnabled":true},"in2DMode":false,"pivot":{"x":0.5503612756729126,"y":1.6055374145507813,"z":-3.0383262634277345},"rotation":{"x":-0.09734875708818436,"y":0.18751423060894013,"z":-0.018752366304397584,"w":-0.9771809577941895},"size":1.7598075866699219,"orthographic":false}