{"cameraMode":{"drawMode":0,"name":"Shaded","section":"Shading Mode"},"sceneLighting":true,"audioPlay":false,"sceneViewState":{"showFog":true,"showMaterialUpdate":false,"showSkybox":true,"showFlares":true,"showImageEffects":true,"showParticleSystems":true,"showVisualEffectGraphs":true,"m_FxEnabled":true},"in2DMode":false,"pivot":{"x":0.019999995827674867,"y":1.0499999523162842,"z":-9.079999923706055},"rotation":{"x":-0.018263334408402444,"y":0.6606972217559815,"z":-0.016034157946705819,"w":-0.7501341700553894},"size":1.2247449159622193,"orthographic":false}