{"cameraMode":{"drawMode":0,"name":"Shaded","section":"Shading Mode"},"sceneLighting":true,"audioPlay":false,"sceneViewState":{"showFog":true,"showMaterialUpdate":false,"showSkybox":true,"showFlares":true,"showImageEffects":true,"showParticleSystems":true,"showVisualEffectGraphs":true,"m_FxEnabled":true},"in2DMode":false,"pivot":{"x":4.071123123168945,"y":4.5160603523254398,"z":-11.836129188537598},"rotation":{"x":0.06619764864444733,"y":-0.2933736741542816,"z":0.02031962014734745,"w":0.9534377455711365},"size":0.8660253882408142,"orthographic":false}