{"cameraMode":{"drawMode":0,"name":"Shaded","section":"Shading Mode"},"sceneLighting":true,"audioPlay":false,"sceneViewState":{"showFog":true,"showMaterialUpdate":false,"showSkybox":true,"showFlares":true,"showImageEffects":true,"showParticleSystems":true,"showVisualEffectGraphs":true,"m_FxEnabled":true},"in2DMode":false,"pivot":{"x":-2.3602705001831056,"y":0.45945900678634646,"z":-3.1344382762908937},"rotation":{"x":-0.008419793099164963,"y":-0.7278915643692017,"z":0.008976555429399014,"w":-0.6854617595672607},"size":1.731154441833496,"orthographic":false}