{"cameraMode":{"drawMode":0,"name":"Shaded","section":"Shading Mode"},"sceneLighting":true,"audioPlay":false,"sceneViewState":{"showFog":true,"showMaterialUpdate":false,"showSkybox":true,"showFlares":true,"showImageEffects":true,"showParticleSystems":true,"showVisualEffectGraphs":true,"m_FxEnabled":true},"in2DMode":false,"pivot":{"x":-1.9782638549804688,"y":2.613478660583496,"z":-11.234344482421875},"rotation":{"x":-0.11161042749881745,"y":-0.20209993422031403,"z":0.02340630628168583,"w":-0.9725244045257568},"size":1.2247449159622193,"orthographic":false}