{"cameraMode":{"drawMode":0,"name":"Shaded","section":"Shading Mode"},"sceneLighting":true,"audioPlay":false,"sceneViewState":{"showFog":true,"showMaterialUpdate":false,"showSkybox":true,"showFlares":true,"showImageEffects":true,"showParticleSystems":true,"showVisualEffectGraphs":true,"m_FxEnabled":true},"in2DMode":false,"pivot":{"x":3.1543524265289308,"y":5.051371097564697,"z":-13.617574691772461},"rotation":{"x":0.04945379123091698,"y":-0.11504653841257096,"z":0.005666323006153107,"w":0.9918822646141052},"size":3.816432237625122,"orthographic":false}